Brand,Year,Fuel_Type,Transmission,Owner_Type,Kilometers_Driven,Price
Honda,2021,Hybrid,Manual,Second,69887,702587.5
Hyundai,2020,Hybrid,Automatic,Second,24477,599452.5
BMW,2005,Petrol,Automatic,Second,153338,1252076
Hyundai,2005,Electric,Automatic,Second,132815,426315.5
Hyundai,2022,Electric,Automatic,First,179598,570409
Ford,2015,Hybrid,Automatic,Third,132426,626201
BMW,2003,Diesel,Manual,Second,147961,1199506.5
BMW,2010,Electric,Automatic,First,29335,1479594.5
BMW,2023,Electric,Manual,Third,147326,1475981
Hyundai,2022,Petrol,Manual,Third,91610,509883
Honda,2008,Petrol,Automatic,First,16442,596990
BMW,2022,Diesel,Automatic,First,51289,1556167.5
Chevrolet,2002,Electric,Manual,Second,58747,417391.5
Hyundai,2018,Electric,Manual,Third,42327,565822.5
Ford,2007,Petrol,Manual,Third,152271,471777.5
Honda,2004,Electric,Automatic,First,77827,608497.5
Chevrolet,2003,Hybrid,Manual,Third,111464,411839
Chevrolet,2023,Petrol,Automatic,Second,136184,635770
Ford,2005,Diesel,Automatic,Third,92051,515692.5
Honda,2001,Petrol,Automatic,First,155653,473594.5
Hyundai,2019,Electric,Manual,First,64722,650320
Toyota,2010,Diesel,Automatic,Second,97036,704712
Honda,2003,Petrol,Automatic,Second,152595,431188.5
Ford,2014,Hybrid,Automatic,Third,71960,691666
Chevrolet,2005,Hybrid,Automatic,Third,24552,439170
Hyundai,2021,Petrol,Automatic,First,146880,594761
Honda,2016,Hybrid,Manual,Second,159692,613638
Toyota,2023,Hybrid,Automatic,Second,5887,895264.5
Toyota,2005,Hybrid,Automatic,Second,36802,651082
BMW,2018,Diesel,Manual,Third,90024,1364906
BMW,2001,Hybrid,Automatic,Second,123639,1234110.5
Ford,2014,Hybrid,Manual,First,123248,694121
Honda,2010,Hybrid,Automatic,First,86938,590873
Honda,2007,Diesel,Manual,Third,127746,477923
Chevrolet,2018,Petrol,Manual,Third,31049,581448.5
Chevrolet,2012,Electric,Automatic,Second,82789,563325.5
Chevrolet,2011,Hybrid,Automatic,Third,89526,526870
BMW,2004,Petrol,Automatic,First,143918,1267693
Honda,2005,Hybrid,Manual,Second,51220,546275
Honda,2021,Diesel,Manual,First,51163,702142.5
Toyota,2003,Petrol,Manual,Second,139837,513753.5
BMW,2018,Diesel,Automatic,Third,122126,1373573
Hyundai,2019,Hybrid,Manual,Second,86486,510484
BMW,2000,Hybrid,Manual,Second,181342,1204624
Hyundai,2019,Diesel,Automatic,First,80277,568688.5
Toyota,2016,Electric,Manual,First,109245,799283.5
Ford,2011,Diesel,Manual,Second,127332,563614
Honda,2014,Hybrid,Automatic,Third,27931,638117.5
Toyota,2000,Diesel,Manual,Third,94116,475820
Honda,2013,Electric,Automatic,First,60633,722095.5
Chevrolet,2005,Diesel,Automatic,Third,56913,410324.5
Ford,2004,Electric,Automatic,First,99776,613573
Ford,2010,Electric,Automatic,Third,30991,670854.5
Toyota,2003,Diesel,Automatic,Second,190917,539193.5
Ford,2012,Diesel,Manual,First,109092,599890
Hyundai,2010,Petrol,Manual,First,191384,407488
Ford,2002,Hybrid,Automatic,Second,146633,485900.5
Honda,2000,Electric,Automatic,First,152973,547468.5
Honda,2005,Petrol,Manual,Third,100556,463928
Honda,2017,Diesel,Automatic,Third,67875,617558.5
Honda,2023,Hybrid,Automatic,First,161989,728853.5
Hyundai,2009,Petrol,Automatic,Third,67120,448818
BMW,2004,Electric,Manual,First,138060,1299724
Chevrolet,2022,Petrol,Manual,Second,115041,593015.5
Toyota,2009,Electric,Automatic,First,133467,733816.5
Honda,2011,Diesel,Automatic,Second,150328,555048
Ford,2001,Hybrid,Manual,Third,123490,460704
Honda,2012,Hybrid,Manual,Second,131155,560176.5
Ford,2007,Hybrid,Automatic,Third,33230,587628
Chevrolet,2001,Diesel,Automatic,First,64778,479019
Chevrolet,2019,Electric,Manual,Third,50833,581925.5
Chevrolet,2000,Diesel,Manual,First,27625,423539.5
Ford,2004,Hybrid,Manual,First,37088,596802
Honda,2008,Diesel,Automatic,Second,177239,469356.5
Chevrolet,2016,Diesel,Manual,Second,108937,510629.5
Hyundai,2008,Diesel,Automatic,Second,81361,498052.5
Ford,2010,Electric,Manual,Second,93229,619408.5
Ford,2014,Petrol,Manual,Third,140189,521098.5
Honda,2023,Petrol,Manual,Third,95265,559659.5
Ford,2005,Diesel,Manual,Third,102718,515921
Ford,2022,Petrol,Automatic,First,65710,808141
Chevrolet,2002,Petrol,Automatic,Third,99876,418030
Honda,2016,Diesel,Manual,Third,35949,616708.5
Chevrolet,2004,Diesel,Automatic,Third,158619,397488.5
Chevrolet,2011,Hybrid,Manual,Second,73136,508182
Honda,2017,Petrol,Manual,Third,116541,561279.5
Toyota,2013,Electric,Manual,First,66842,767519
Chevrolet,2020,Diesel,Manual,Second,31990,653467
Hyundai,2023,Hybrid,Automatic,First,152265,646334.5
Hyundai,2010,Electric,Manual,Third,35109,424458.5
Ford,2008,Petrol,Manual,Second,135356,551640
Hyundai,2001,Hybrid,Automatic,First,155305,453305.5
Ford,2011,Diesel,Manual,Third,133133,556694.5
Toyota,2002,Electric,Manual,First,170582,587218
Honda,2002,Diesel,Manual,First,6306,566406
Honda,2000,Petrol,Automatic,First,8849,566873.5
Honda,2007,Electric,Manual,Third,17360,574893
Hyundai,2021,Petrol,Automatic,Third,116072,547435
Toyota,2007,Petrol,Manual,First,99767,602469.5
Hyundai,2010,Hybrid,Manual,Second,181872,418281
Hyundai,2008,Diesel,Automatic,Second,173035,391402.5
Toyota,2004,Electric,Manual,Third,59330,558273
Toyota,2013,Petrol,Manual,Third,56707,675745.5
Toyota,2002,Petrol,Automatic,Third,23689,539338.5
Toyota,2020,Electric,Automatic,Third,34084,826346
Honda,2004,Petrol,Automatic,Third,45387,449985.5
BMW,2004,Hybrid,Automatic,Second,79816,1319582
BMW,2018,Hybrid,Automatic,Third,7642,1444974
Toyota,2013,Hybrid,Manual,First,47137,771080.5
BMW,2003,Hybrid,Automatic,First,191633,1288622.5
BMW,2012,Petrol,Manual,Second,67260,1367059
Toyota,2009,Electric,Manual,First,151510,686070
BMW,2017,Electric,Manual,Second,53442,1418262
Hyundai,2007,Electric,Automatic,Second,108061,444885.5
Ford,2007,Electric,Automatic,First,139066,644231
Ford,2006,Diesel,Manual,Third,130844,473983
Toyota,2007,Electric,Automatic,First,104575,744483.5
Honda,2013,Diesel,Automatic,First,6813,698183.5
Toyota,2018,Diesel,Automatic,Second,98027,715519.5
Honda,2005,Hybrid,Automatic,First,128489,553081.5
Ford,2000,Diesel,Manual,Second,89381,511180.5
Toyota,2022,Petrol,Manual,Third,60276,746784
Chevrolet,2014,Diesel,Automatic,Third,46243,578051.5
Hyundai,2000,Hybrid,Manual,Third,198984,242488
BMW,2016,Diesel,Automatic,First,65272,1515638
Honda,2000,Petrol,Automatic,Second,178123,358983.5
Chevrolet,2014,Petrol,Manual,Third,70618,450184
BMW,2022,Petrol,Manual,Second,6920,1502857
BMW,2001,Hybrid,Manual,Second,111121,1289614.5
Toyota,2013,Hybrid,Automatic,Third,81872,733340
BMW,2020,Electric,Manual,Third,86132,1445187
Hyundai,2007,Hybrid,Automatic,Second,7093,474199.5
Chevrolet,2007,Petrol,Manual,Third,17905,475321.5
BMW,2018,Petrol,Manual,Second,126759,1385387.5
Toyota,2006,Hybrid,Automatic,Second,160423,630024.5
Hyundai,2018,Diesel,Automatic,Third,35981,536783.5
Ford,2005,Hybrid,Automatic,First,78903,660308.5
Chevrolet,2005,Hybrid,Automatic,Third,75821,442056.5
BMW,2002,Petrol,Automatic,First,114200,1347557
Toyota,2006,Electric,Automatic,Second,87289,692842.5
Ford,2018,Petrol,Automatic,Second,121506,611089
Ford,2007,Electric,Automatic,First,83513,714282.5
Honda,2009,Petrol,Manual,Second,155946,482434
Hyundai,2019,Hybrid,Automatic,First,187003,619319.5
BMW,2014,Petrol,Automatic,First,143746,1428128
Toyota,2014,Petrol,Manual,Second,55516,637496
Honda,2000,Petrol,Automatic,First,196758,399629
Hyundai,2019,Hybrid,Manual,Third,74212,533530
Honda,2006,Hybrid,Manual,Third,138498,470828
Chevrolet,2003,Hybrid,Automatic,Second,135970,468284
Hyundai,2005,Hybrid,Manual,Second,95009,395008.5
Hyundai,2000,Electric,Automatic,First,166015,361011.5
BMW,2004,Electric,Manual,First,49816,1390909
Hyundai,2022,Diesel,Manual,First,9138,658700
Honda,2000,Hybrid,Manual,First,96176,526095
Hyundai,2003,Electric,Automatic,Third,80945,440002.5
BMW,2021,Petrol,Automatic,Third,9017,1430884.5
BMW,2001,Hybrid,Manual,Second,15451,1289698.5
Chevrolet,2009,Diesel,Manual,First,199028,484585
Honda,2004,Diesel,Automatic,First,98863,515308.5
Ford,2009,Diesel,Automatic,Second,15278,680246
Ford,2000,Petrol,Manual,First,48764,560691
Hyundai,2021,Electric,Manual,First,128030,552443
Chevrolet,2005,Petrol,Automatic,First,137206,477418
Toyota,2012,Hybrid,Automatic,First,67943,796365.5
Hyundai,2014,Diesel,Automatic,First,100667,578038.5
Chevrolet,2003,Petrol,Automatic,Second,59318,406111
Honda,2012,Petrol,Automatic,First,108423,628787.5
Honda,2023,Electric,Manual,Second,108998,678827
Honda,2019,Electric,Automatic,First,65128,796827
Honda,2023,Diesel,Manual,Third,26869,645634.5
Honda,2014,Petrol,Automatic,Third,10039,576481.5
Chevrolet,2007,Petrol,Manual,Third,157353,338998.5
Chevrolet,2004,Electric,Automatic,Third,117935,477411.5
BMW,2014,Petrol,Automatic,Second,15442,1404261
Ford,2003,Petrol,Manual,Second,78788,524945
Honda,2011,Petrol,Manual,First,124729,518292.5
Toyota,2012,Electric,Automatic,Third,32586,754283
Chevrolet,2001,Diesel,Automatic,Second,58053,451669.5
Toyota,2018,Hybrid,Automatic,First,186561,757587.5
Toyota,2018,Diesel,Automatic,First,91346,746957
Toyota,2003,Hybrid,Automatic,Second,72087,639338.5
BMW,2003,Petrol,Manual,Third,148697,1135303.5
Chevrolet,2010,Diesel,Manual,First,39397,570233.5
Toyota,2004,Hybrid,Automatic,Third,63671,627913.5
Honda,2019,Electric,Manual,Third,121214,564054
Hyundai,2010,Electric,Manual,Third,71897,457733.5
Toyota,2009,Diesel,Manual,First,162221,620930.5
BMW,2007,Diesel,Automatic,Third,196102,1243601
Chevrolet,2005,Petrol,Manual,First,141355,397370.5
BMW,2005,Diesel,Automatic,Third,143682,1242650
Toyota,2007,Petrol,Manual,First,179398,536290
Chevrolet,2022,Petrol,Automatic,Third,19924,626640
Hyundai,2014,Electric,Manual,Second,118143,488356.5
Toyota,2013,Electric,Automatic,Third,115253,693981.5
BMW,2010,Hybrid,Automatic,Third,105297,1335663.5
Ford,2011,Electric,Manual,First,5869,666243.5
Honda,2012,Electric,Automatic,First,102088,674717
BMW,2007,Diesel,Automatic,Third,6014,1377214
Chevrolet,2017,Electric,Automatic,Second,15103,694796.5
Toyota,2000,Hybrid,Automatic,Second,115317,576469.5
Honda,2014,Diesel,Automatic,First,169530,570297
Toyota,2007,Hybrid,Automatic,Second,87409,635441.5
Chevrolet,2010,Electric,Automatic,Third,28248,526740
Toyota,2011,Hybrid,Automatic,First,179588,667259
Ford,2011,Diesel,Manual,Third,165133,491203.5
Honda,2003,Petrol,Manual,First,160242,481830
Honda,2015,Hybrid,Automatic,First,13024,760652
Chevrolet,2003,Hybrid,Automatic,First,90947,498374.5
Ford,2004,Diesel,Manual,First,179875,537203.5
BMW,2023,Diesel,Manual,Second,155368,1393223
Toyota,2004,Hybrid,Manual,Third,96829,558860.5
Hyundai,2007,Electric,Automatic,Third,97708,416733
Toyota,2009,Hybrid,Manual,Third,91664,634416
Toyota,2016,Diesel,Automatic,First,154329,725151.5
BMW,2008,Petrol,Automatic,Second,148927,1345282.5
Toyota,2021,Petrol,Manual,Third,90178,643706
Ford,2018,Electric,Automatic,Second,106121,743989.5
Ford,2013,Hybrid,Automatic,First,25025,746430.5
Honda,2007,Petrol,Automatic,Third,140530,416347
Chevrolet,2008,Hybrid,Automatic,Second,68610,499988
Hyundai,2021,Diesel,Manual,First,75843,636956.5
Toyota,2010,Petrol,Manual,Second,112237,549698.5
Toyota,2022,Electric,Automatic,Third,185903,757332.5
BMW,2000,Diesel,Automatic,Third,179499,1208613.5
Chevrolet,2013,Electric,Manual,First,135299,572434.5
Ford,2004,Diesel,Automatic,First,174578,578480
Hyundai,2020,Petrol,Manual,First,10668,643893
Honda,2013,Electric,Automatic,Second,183267,543356.5
Ford,2003,Electric,Automatic,Second,78233,623597.5
Chevrolet,2021,Diesel,Manual,Second,160489,524831.5
Honda,2022,Electric,Manual,First,86982,781436
BMW,2000,Diesel,Manual,Third,111133,1209410.5
BMW,2021,Diesel,Manual,Third,15751,1415295.5
Toyota,2022,Diesel,Automatic,Second,51218,848016
Chevrolet,2018,Diesel,Manual,Second,131649,508347.5
Hyundai,2007,Petrol,Automatic,Third,12352,426306
Honda,2014,Diesel,Manual,Third,93835,575351.5
Ford,2020,Hybrid,Manual,Second,102493,652666.5
Chevrolet,2014,Electric,Automatic,Second,33927,590813.5
Chevrolet,2008,Hybrid,Manual,Third,177166,369479
BMW,2020,Petrol,Manual,First,106948,1412164
Toyota,2008,Hybrid,Manual,Second,190194,571442
Toyota,2009,Electric,Manual,Third,34493,603967.5
Honda,2019,Hybrid,Automatic,Third,36707,639863.5
BMW,2020,Petrol,Automatic,Third,143368,1344353
Chevrolet,2008,Diesel,Manual,Third,161470,413031
Hyundai,2002,Hybrid,Manual,First,40842,397757
BMW,2019,Petrol,Manual,Third,18261,1359057.5
Honda,2010,Petrol,Automatic,Second,81709,587980.5
Honda,2005,Electric,Automatic,First,100985,559317.5
BMW,2001,Electric,Automatic,Third,111616,1216530
Honda,2006,Hybrid,Automatic,First,192776,522932
BMW,2017,Diesel,Manual,Second,72173,1458534.5
Ford,2001,Petrol,Manual,Third,36781,434073.5
BMW,2016,Hybrid,Manual,Second,18652,1473449
BMW,2010,Petrol,Automatic,Third,10103,1323570.5
Honda,2011,Petrol,Manual,Third,30500,537927
Honda,2018,Diesel,Automatic,Third,105336,593432
Toyota,2021,Diesel,Automatic,Third,171601,666490.5
Toyota,2023,Hybrid,Manual,Third,118499,781283.5
Ford,2006,Diesel,Manual,First,154524,524524
Toyota,2019,Diesel,Manual,Third,54393,729825.5
BMW,2005,Hybrid,Automatic,Third,167246,1284141
Honda,2020,Diesel,Automatic,First,171508,691926
Toyota,2023,Electric,Manual,First,52406,878134
Toyota,2000,Petrol,Manual,First,68059,528805.5
Ford,2016,Petrol,Automatic,First,152026,666432
Chevrolet,2010,Petrol,Manual,First,87722,504923
Ford,2021,Petrol,Automatic,First,17356,838975
BMW,2017,Hybrid,Automatic,Third,133128,1449289
Honda,2020,Petrol,Manual,Third,7187,667240.5
Ford,2016,Petrol,Manual,Second,82243,612478.5
Toyota,2006,Petrol,Manual,Third,40098,527007
Honda,2016,Petrol,Manual,Third,157297,464854.5
Honda,2019,Electric,Automatic,First,139678,754310
Toyota,2008,Petrol,Automatic,First,62620,652199
Ford,2016,Electric,Automatic,Third,168900,623645
Toyota,2019,Hybrid,Manual,Second,131270,764265
Chevrolet,2021,Diesel,Automatic,First,162561,657908.5
Honda,2021,Petrol,Manual,Third,19387,586374.5
Hyundai,2007,Diesel,Manual,Third,74463,418508.5
Hyundai,2016,Diesel,Manual,Second,138663,457911.5
BMW,2006,Hybrid,Manual,Second,184588,1249422
Toyota,2000,Diesel,Manual,First,96683,534909.5
Toyota,2012,Electric,Manual,Second,67061,721374.5
BMW,2022,Diesel,Automatic,Third,86257,1500890.5
BMW,2018,Diesel,Manual,Third,66753,1437267.5
BMW,2023,Diesel,Automatic,Second,89774,1455614
Honda,2018,Petrol,Automatic,Second,147159,570106.5
Chevrolet,2016,Petrol,Manual,Second,166888,441411
Toyota,2012,Electric,Manual,Second,28408,720067
Honda,2015,Electric,Manual,First,129116,664779
BMW,2007,Petrol,Automatic,Second,136208,1268373
Toyota,2018,Electric,Manual,First,22413,812630.5
Honda,2017,Petrol,Automatic,Third,118650,574622
Chevrolet,2000,Hybrid,Manual,Second,64500,441387
Honda,2013,Diesel,Manual,First,89514,590270
Chevrolet,2018,Diesel,Automatic,Second,61358,613283
BMW,2014,Electric,Automatic,Third,71197,1411237.5
Chevrolet,2017,Petrol,Manual,Third,168926,433944
Toyota,2001,Petrol,Automatic,Third,81240,524652
BMW,2021,Electric,Automatic,Second,21322,1533000
Toyota,2016,Petrol,Automatic,Second,118053,736873.5
Hyundai,2017,Hybrid,Automatic,First,11968,610542
Ford,2005,Diesel,Automatic,Third,32518,608969
Chevrolet,2018,Electric,Manual,Second,56925,576629.5
Ford,2003,Electric,Manual,Third,195920,443788
Ford,2000,Petrol,Automatic,Third,116900,409237
Chevrolet,2007,Electric,Manual,First,98422,528755
BMW,2022,Hybrid,Manual,First,6700,1535726
Hyundai,2006,Petrol,Automatic,First,98782,455408
Toyota,2002,Petrol,Manual,First,28199,623291.5
Honda,2009,Petrol,Automatic,Third,180661,459637.5
Toyota,2009,Petrol,Automatic,First,168187,609443.5
Honda,2018,Hybrid,Manual,First,198006,653778
Toyota,2013,Petrol,Automatic,First,190388,682489
Chevrolet,2001,Electric,Automatic,First,10520,523910
Hyundai,2000,Hybrid,Automatic,Third,114814,370684
Honda,2022,Diesel,Automatic,First,172527,681313.5
BMW,2022,Diesel,Automatic,Third,128364,1429789
Toyota,2017,Electric,Manual,Second,177677,716464.5
Toyota,2006,Electric,Manual,Third,19955,586771.5
Honda,2007,Hybrid,Automatic,Third,180121,440788.5
BMW,2000,Diesel,Automatic,First,149989,1268515.5
BMW,2022,Diesel,Manual,Second,69925,1437121.5
Chevrolet,2002,Diesel,Automatic,Second,112216,393611
Chevrolet,2023,Diesel,Manual,Second,75269,568629.5
Chevrolet,2022,Diesel,Automatic,Second,167026,585453
Chevrolet,2007,Petrol,Automatic,Third,46458,498497
Chevrolet,2021,Electric,Automatic,Second,94037,669307.5
Chevrolet,2014,Petrol,Automatic,Third,157185,455151.5
Hyundai,2004,Diesel,Automatic,Third,104977,411256.5
BMW,2002,Hybrid,Automatic,Third,48939,1265994.5
Chevrolet,2018,Hybrid,Automatic,Second,34345,609148.5
BMW,2000,Diesel,Manual,First,182385,1187202.5
BMW,2014,Diesel,Manual,First,115107,1376276.5
Ford,2007,Hybrid,Manual,Second,126866,564150
Hyundai,2001,Petrol,Automatic,First,74166,436259
Chevrolet,2002,Petrol,Automatic,First,183933,416288.5
Toyota,2023,Diesel,Automatic,Third,102406,774371
Honda,2013,Petrol,Automatic,Third,54298,584628
Toyota,2023,Hybrid,Automatic,Second,183293,724922.5
Hyundai,2013,Petrol,Automatic,Second,49942,544028
Honda,2010,Diesel,Automatic,First,8453,698269.5
Hyundai,2015,Hybrid,Manual,Third,107811,479872.5
BMW,2003,Petrol,Automatic,Second,59935,1290066.5
Honda,2019,Electric,Manual,Second,127439,652142.5
BMW,2004,Hybrid,Manual,Second,179442,1241531
Toyota,2021,Hybrid,Automatic,Second,13328,837624
Toyota,2020,Electric,Automatic,Second,20534,861784
Honda,2013,Electric,Manual,Second,90280,586100
Honda,2022,Hybrid,Manual,First,41320,782029
Chevrolet,2015,Electric,Automatic,Third,54170,582024
Hyundai,2017,Diesel,Automatic,Third,105546,456647
Chevrolet,2006,Diesel,Manual,Second,85201,479936.5
Hyundai,2009,Diesel,Automatic,Third,13640,421485
Chevrolet,2006,Hybrid,Automatic,Third,166121,389408.5
BMW,2000,Electric,Automatic,Third,141690,1213358
Honda,2022,Electric,Manual,Second,192125,621409.5
Toyota,2020,Petrol,Manual,Second,137992,700067
Hyundai,2018,Petrol,Manual,Third,48937,458538.5
Hyundai,2015,Electric,Automatic,Third,148279,515288.5
Toyota,2018,Electric,Automatic,Second,169044,695544
Chevrolet,2003,Electric,Manual,First,146871,414176.5
Hyundai,2017,Hybrid,Manual,Third,164988,477273
BMW,2001,Electric,Manual,First,75463,1296952.5
Honda,2000,Petrol,Automatic,Third,98500,362122
Toyota,2014,Hybrid,Manual,First,42158,773637
Honda,2004,Electric,Manual,First,89607,564067.5
Hyundai,2019,Petrol,Automatic,First,124639,568869.5
Hyundai,2010,Hybrid,Automatic,Second,76696,456436
Toyota,2009,Electric,Automatic,First,66510,783186
BMW,2001,Electric,Manual,First,125076,1291043
Ford,2002,Electric,Automatic,First,63692,616013
Toyota,2022,Hybrid,Automatic,Third,135841,741446.5
Ford,2022,Petrol,Manual,First,197816,695306
Chevrolet,2011,Petrol,Automatic,Third,20810,474899
Ford,2019,Diesel,Manual,First,141198,716359
BMW,2004,Electric,Manual,First,166081,1352753.5
Chevrolet,2004,Diesel,Automatic,Second,116718,403031
Ford,2005,Diesel,Automatic,Third,95932,558823
Chevrolet,2008,Petrol,Automatic,First,5192,554966
Ford,2001,Hybrid,Automatic,Third,41413,514364.5
BMW,2020,Hybrid,Automatic,Third,148888,1389524
Ford,2011,Petrol,Automatic,Second,44082,623921
Ford,2002,Hybrid,Manual,Second,70048,544356
Ford,2019,Diesel,Manual,Second,128130,674906
Toyota,2021,Electric,Automatic,Second,55940,815885
Toyota,2011,Petrol,Manual,Second,168202,559408
Toyota,2023,Electric,Automatic,Second,45142,848433
BMW,2016,Hybrid,Manual,Second,41468,1462224
Chevrolet,2009,Electric,Manual,Second,166770,506265
Hyundai,2023,Hybrid,Manual,First,146727,604023.5
Ford,2013,Hybrid,Automatic,Third,183969,542701.5
Ford,2022,Diesel,Manual,Second,166147,691443.5
BMW,2016,Hybrid,Automatic,Second,145431,1380399.5
Ford,2017,Diesel,Manual,Third,134048,565947
Toyota,2018,Diesel,Manual,First,47056,790216
Hyundai,2016,Diesel,Manual,Third,56831,467390.5
Honda,2013,Petrol,Manual,Third,64191,491788.5
Ford,2008,Petrol,Manual,Second,126948,474513
Toyota,2007,Hybrid,Automatic,Third,169344,624435
Honda,2001,Diesel,Automatic,Third,113117,413542.5
Hyundai,2012,Petrol,Manual,Second,19671,438055.5
Honda,2006,Diesel,Manual,Second,32048,522584
Toyota,2008,Electric,Manual,Second,30963,654738.5
Chevrolet,2021,Electric,Manual,Second,48954,653860
Chevrolet,2021,Electric,Automatic,Third,100430,641243
Honda,2010,Hybrid,Manual,Third,5717,553111.5
BMW,2013,Diesel,Automatic,First,16676,1492704
Honda,2003,Electric,Manual,First,140506,529264
Ford,2012,Petrol,Automatic,Third,185882,494712
Ford,2001,Electric,Manual,First,123696,575387
Chevrolet,2022,Electric,Manual,Third,135830,558464
BMW,2004,Electric,Automatic,First,9994,1405259
Toyota,2010,Hybrid,Manual,Second,9234,717793
Ford,2005,Petrol,Manual,First,74300,536485
Chevrolet,2017,Diesel,Manual,Second,48949,542327.5
Hyundai,2020,Petrol,Automatic,Second,42405,612623.5
Chevrolet,2009,Diesel,Manual,Second,39872,502341
Ford,2003,Hybrid,Manual,Second,47215,576110.5
Ford,2008,Hybrid,Automatic,First,28185,675095.5
Chevrolet,2005,Hybrid,Automatic,Third,179514,396638
Toyota,2001,Hybrid,Automatic,Second,187831,537020.5
Honda,2016,Diesel,Manual,First,46153,631819.5
Ford,2004,Electric,Manual,Second,82535,559804.5
Chevrolet,2005,Diesel,Manual,First,138653,434807.5
Chevrolet,2011,Petrol,Automatic,First,56717,614338.5
BMW,2022,Hybrid,Manual,First,7763,1578004.5
Honda,2020,Hybrid,Manual,Third,97910,643851
Hyundai,2009,Petrol,Automatic,First,60480,520812
Toyota,2021,Diesel,Automatic,First,174831,791563.5
Hyundai,2020,Electric,Automatic,Third,123094,571961
Honda,2005,Electric,Automatic,Third,161379,471954.5
Honda,2007,Petrol,Automatic,First,16064,570594
Honda,2001,Electric,Manual,Third,81848,434804
Hyundai,2011,Diesel,Automatic,Second,42548,497010
Honda,2012,Diesel,Manual,Second,173017,539025.5
Chevrolet,2020,Petrol,Manual,Third,184009,521861.5
Hyundai,2006,Diesel,Automatic,Third,11476,465013
Honda,2009,Hybrid,Automatic,First,187828,531205
Chevrolet,2012,Petrol,Automatic,Third,95101,438636.5
BMW,2016,Diesel,Manual,First,7382,1461897
Honda,2020,Petrol,Automatic,Second,185755,626599.5
Hyundai,2013,Electric,Automatic,Third,181348,491849
Ford,2001,Diesel,Automatic,First,169474,540671
Honda,2021,Hybrid,Automatic,First,163018,689580
Ford,2010,Diesel,Automatic,Second,84698,593035
Chevrolet,2000,Petrol,Manual,Third,158407,258269.5
BMW,2018,Petrol,Manual,Second,50095,1360730.5
Toyota,2020,Diesel,Manual,First,134974,737614
BMW,2003,Hybrid,Automatic,First,32197,1396136.5
Honda,2018,Hybrid,Automatic,Third,132619,616018.5
Ford,2020,Hybrid,Automatic,First,27010,838609
Ford,2010,Petrol,Manual,Third,160195,512436.5
Hyundai,2007,Diesel,Automatic,Second,92923,459232.5
Ford,2010,Electric,Automatic,Third,138962,589538
Hyundai,2003,Petrol,Automatic,Third,135526,325493
Chevrolet,2016,Hybrid,Manual,First,114162,601295
Toyota,2006,Diesel,Automatic,First,125927,688695.5
Honda,2007,Hybrid,Manual,Third,13026,521630
Hyundai,2002,Electric,Automatic,First,69925,482694.5
Toyota,2021,Hybrid,Manual,First,73842,827993
Ford,2001,Hybrid,Manual,First,38665,539720.5
Ford,2022,Electric,Manual,Third,14277,768965.5
Toyota,2014,Diesel,Automatic,First,178311,679306.5
Ford,2023,Petrol,Automatic,Third,183736,634305
Chevrolet,2021,Diesel,Manual,First,53008,698476
Chevrolet,2021,Electric,Manual,Second,19683,627188.5
Toyota,2004,Hybrid,Automatic,First,136742,637120
Hyundai,2023,Diesel,Automatic,First,153961,575836.5
Hyundai,2000,Petrol,Manual,Third,191684,225473
Toyota,2003,Electric,Automatic,Third,180607,596588.5
Hyundai,2014,Diesel,Automatic,First,83542,587557
Hyundai,2019,Petrol,Automatic,Second,59319,547682.5
Chevrolet,2018,Electric,Automatic,First,97067,716542.5
Hyundai,2002,Petrol,Manual,First,157711,394821.5
BMW,2019,Electric,Automatic,Second,152705,1497218.5
Honda,2010,Hybrid,Automatic,Third,170732,519431
Ford,2016,Diesel,Manual,First,73975,699602.5
BMW,2012,Petrol,Manual,Third,168244,1257844
Hyundai,2010,Electric,Automatic,Third,195269,440270.5
Chevrolet,2001,Petrol,Automatic,Second,106158,351804
Toyota,2008,Petrol,Automatic,Second,194919,582620.5
Hyundai,2001,Diesel,Automatic,Third,16577,397770.5
Chevrolet,2020,Hybrid,Manual,First,82299,651797.5
Honda,2008,Petrol,Manual,Third,25176,470395
Hyundai,2008,Electric,Manual,First,180458,492235
Toyota,2007,Electric,Automatic,First,68972,746325
Chevrolet,2016,Hybrid,Automatic,Second,125018,567904
Chevrolet,2000,Electric,Automatic,First,177075,482225.5
Chevrolet,2010,Hybrid,Automatic,First,24996,649299
Honda,2007,Electric,Manual,Third,105922,452200
Hyundai,2009,Diesel,Manual,Second,91598,420550
Honda,2006,Petrol,Automatic,First,40931,558379.5
Ford,2002,Diesel,Manual,First,129168,537474
Ford,2002,Petrol,Automatic,Second,171782,465482
Hyundai,2017,Petrol,Automatic,Third,128099,484965.5
Honda,2004,Petrol,Manual,Second,39693,518540.5
Toyota,2011,Diesel,Automatic,Second,171812,644247
Chevrolet,2011,Petrol,Automatic,First,113944,510100
Chevrolet,2018,Diesel,Manual,First,22374,691018
Hyundai,2005,Hybrid,Automatic,Third,86471,396124.5
Ford,2001,Electric,Automatic,First,50913,663323.5
Ford,2011,Electric,Manual,First,128683,617103.5
Chevrolet,2018,Petrol,Automatic,Second,49516,584859
Hyundai,2004,Diesel,Manual,First,92796,387273
Honda,2011,Electric,Automatic,Third,31069,626095.5
Ford,2016,Diesel,Manual,Second,123333,621128.5
Honda,2016,Diesel,Manual,Third,192305,505374.5
Ford,2009,Petrol,Manual,Second,89811,543497.5
Ford,2022,Electric,Automatic,First,195121,783786.5
BMW,2016,Petrol,Manual,Second,123028,1329070
Ford,2014,Petrol,Manual,Second,44178,593036
Toyota,2011,Electric,Manual,First,37821,729347.5
Hyundai,2015,Electric,Manual,First,187799,537649.5
Hyundai,2023,Hybrid,Manual,Third,197007,467014.5
Honda,2018,Hybrid,Automatic,Third,21999,660226.5
Ford,2007,Diesel,Automatic,First,198594,593599
Toyota,2020,Electric,Automatic,First,43712,818748
Honda,2016,Hybrid,Automatic,First,176244,615198
BMW,2022,Diesel,Automatic,Second,38722,1535320
Honda,2004,Diesel,Automatic,Second,15625,546077.5
Honda,2021,Diesel,Automatic,Second,11859,732639.5
Ford,2015,Hybrid,Manual,First,177681,668802.5
BMW,2005,Electric,Automatic,Third,179379,1306590.5
Honda,2007,Petrol,Manual,First,115986,540626
Toyota,2017,Diesel,Manual,Second,26839,780071.5
Toyota,2011,Hybrid,Automatic,Second,32216,768661
Hyundai,2014,Hybrid,Manual,First,57953,537121.5
BMW,2008,Petrol,Manual,First,196665,1268075.5
BMW,2012,Petrol,Manual,Second,54522,1376672
Hyundai,2014,Hybrid,Manual,Second,140958,455942
Honda,2009,Electric,Automatic,Second,116249,527659.5
BMW,2015,Petrol,Automatic,First,12485,1457043.5
Toyota,2006,Hybrid,Automatic,Second,167527,606990.5
Toyota,2016,Petrol,Automatic,Second,152839,667311.5
Ford,2022,Electric,Automatic,Third,117701,704992.5
BMW,2020,Diesel,Automatic,First,164525,1472062.5
Honda,2021,Petrol,Automatic,Third,107638,584031
Hyundai,2006,Electric,Automatic,Third,189514,407569
Hyundai,2013,Hybrid,Automatic,Second,187949,506453.5
Honda,2014,Petrol,Automatic,First,17226,640606
Chevrolet,2020,Petrol,Manual,Second,98405,517638.5
Ford,2006,Hybrid,Automatic,First,27588,691678
Hyundai,2008,Diesel,Manual,Third,167781,366453.5
BMW,2018,Hybrid,Manual,First,183860,1475714
Ford,2015,Petrol,Manual,Second,42019,639313.5
BMW,2007,Hybrid,Manual,Second,181020,1252022
Toyota,2017,Electric,Automatic,Second,70133,750324.5
Ford,2022,Hybrid,Manual,First,119444,741247
Hyundai,2017,Petrol,Automatic,Third,122603,462510.5
Ford,2019,Hybrid,Automatic,Third,163598,697170
Ford,2006,Diesel,Manual,First,133585,577243.5
Ford,2002,Hybrid,Automatic,Second,188270,508630
Chevrolet,2017,Diesel,Manual,Third,48395,516237.5
Ford,2009,Electric,Manual,Second,160103,539273.5
BMW,2006,Diesel,Automatic,First,130814,1362779
Toyota,2016,Hybrid,Automatic,Second,173773,691678.5
Honda,2013,Petrol,Manual,Third,117599,518055.5
Ford,2023,Diesel,Automatic,Third,30939,712898.5
Hyundai,2002,Electric,Automatic,Second,185217,408437.5
Ford,2011,Diesel,Automatic,First,156396,599045
Hyundai,2012,Diesel,Manual,Second,158939,369275.5
BMW,2001,Diesel,Manual,First,5203,1371153.5
Hyundai,2002,Electric,Automatic,Second,152616,397921
Honda,2004,Hybrid,Automatic,Third,151971,483963.5
Toyota,2010,Diesel,Automatic,First,34063,779715.5
Hyundai,2007,Diesel,Automatic,First,95880,482618
Hyundai,2022,Petrol,Automatic,First,8748,629813
Toyota,2022,Electric,Manual,Third,122269,752418.5
Honda,2011,Diesel,Automatic,Second,85764,569083
Ford,2006,Electric,Manual,Third,156956,461189
Hyundai,2014,Diesel,Automatic,First,161255,544692.5
Toyota,2023,Hybrid,Manual,Second,113036,741401
BMW,2016,Hybrid,Automatic,Third,155331,1390373.5
Toyota,2003,Diesel,Manual,First,172031,601984.5
BMW,2021,Hybrid,Automatic,First,121525,1579017.5
Honda,2012,Diesel,Manual,Third,169529,451409.5
Ford,2017,Hybrid,Manual,Third,90679,612155.5
Toyota,2000,Petrol,Manual,Third,130829,456581.5
Chevrolet,2015,Petrol,Manual,First,133216,514312
Hyundai,2012,Petrol,Manual,Third,138175,396803.5
Honda,2009,Electric,Manual,First,70901,637036.5
Toyota,2011,Electric,Automatic,Third,180607,647308.5
Hyundai,2001,Petrol,Manual,First,152175,378252.5
Toyota,2022,Electric,Automatic,First,103046,855578
BMW,2002,Hybrid,Automatic,Second,95012,1288376
Toyota,2009,Diesel,Automatic,Third,83278,640335
Chevrolet,2001,Diesel,Automatic,Third,17391,459796.5
Toyota,2022,Diesel,Automatic,First,107476,836148
Toyota,2012,Petrol,Manual,First,164973,656677.5
Chevrolet,2012,Electric,Manual,First,125721,584138.5
Honda,2017,Hybrid,Manual,Second,102537,564002.5
Toyota,2002,Hybrid,Automatic,Second,86159,656787.5
Chevrolet,2006,Petrol,Manual,First,136040,432545
Hyundai,2013,Hybrid,Manual,Third,186429,356308.5
BMW,2019,Hybrid,Manual,Third,174509,1359201.5
BMW,2016,Hybrid,Manual,Second,40503,1473591.5
Toyota,2020,Hybrid,Manual,Second,80403,722999.5
Honda,2011,Electric,Automatic,First,177330,600482
Honda,2015,Hybrid,Manual,Third,169796,494941
Hyundai,2023,Diesel,Automatic,First,69286,700017
Toyota,2011,Petrol,Automatic,Second,79842,660777
BMW,2014,Electric,Automatic,Third,109927,1387320.5
Honda,2009,Hybrid,Automatic,Third,19908,620298
Toyota,2006,Electric,Automatic,Second,186698,638784
Honda,2019,Hybrid,Manual,First,42228,756173
Chevrolet,2004,Diesel,Manual,First,28386,479116
Honda,2000,Petrol,Manual,Third,182826,345373
BMW,2016,Hybrid,Automatic,Second,33302,1439894
Ford,2002,Hybrid,Manual,Third,65815,546076.5
Hyundai,2012,Hybrid,Manual,Second,68344,524776
Hyundai,2013,Hybrid,Automatic,First,171690,486529
BMW,2023,Petrol,Automatic,Second,116603,1491415.5
Honda,2017,Petrol,Automatic,First,66114,714046
Toyota,2003,Diesel,Automatic,Second,30525,601213.5
Honda,2017,Petrol,Manual,Third,84818,565299
BMW,2004,Hybrid,Automatic,First,119589,1395767.5
Hyundai,2015,Diesel,Automatic,Third,150406,430733
Honda,2000,Diesel,Manual,Third,99715,371846.5
Hyundai,2020,Diesel,Manual,First,198839,513186.5
Toyota,2013,Hybrid,Automatic,First,11644,792441
Hyundai,2014,Electric,Manual,Third,106154,482552
Hyundai,2008,Hybrid,Automatic,Third,169005,395191.5
Ford,2014,Petrol,Automatic,Third,48469,576762.5
Ford,2016,Petrol,Manual,Third,169759,523048.5
Chevrolet,2023,Hybrid,Manual,First,111609,692119.5
Ford,2003,Hybrid,Automatic,First,188728,593693
Hyundai,2011,Diesel,Automatic,Third,153447,385698.5
BMW,2004,Hybrid,Automatic,Second,70206,1295670
Hyundai,2004,Diesel,Manual,Second,101462,332933
BMW,2010,Petrol,Automatic,First,172679,1359542.5
BMW,2005,Diesel,Automatic,Third,88178,1331968
Ford,2006,Hybrid,Automatic,Third,160065,482538.5
Honda,2023,Petrol,Automatic,First,180458,634717
Toyota,2013,Electric,Automatic,Second,182359,705350.5
Ford,2023,Diesel,Manual,Second,91724,663209
Ford,2010,Petrol,Automatic,Second,101393,630368.5
Honda,2012,Diesel,Automatic,First,132314,612235
Toyota,2001,Petrol,Automatic,Second,81312,538077
Hyundai,2006,Petrol,Automatic,First,80324,411593
Chevrolet,2019,Diesel,Manual,First,76196,621999
Chevrolet,2003,Electric,Manual,Third,75014,423062
Hyundai,2007,Petrol,Manual,Second,144282,333089
Ford,2019,Petrol,Automatic,First,146994,752035
Toyota,2021,Petrol,Automatic,Second,172361,673736.5
Ford,2020,Electric,Manual,Second,38340,686318
BMW,2018,Electric,Manual,Third,44850,1444809
Ford,2012,Hybrid,Manual,Second,193056,616172
Ford,2013,Diesel,Automatic,Third,118711,630180.5
Hyundai,2009,Electric,Automatic,First,16094,544442
Hyundai,2010,Diesel,Manual,Second,92959,447947.5
Hyundai,2001,Hybrid,Manual,First,169490,339700
Chevrolet,2008,Diesel,Manual,Second,10741,512119.5
BMW,2016,Electric,Automatic,First,116585,1450418.5
Hyundai,2002,Diesel,Automatic,Second,127564,372163
Toyota,2023,Electric,Automatic,Second,73798,806426
Chevrolet,2005,Diesel,Manual,Second,121026,390061
Honda,2004,Electric,Manual,Second,115130,447913
Toyota,2004,Electric,Automatic,Second,27164,715485
Toyota,2021,Diesel,Manual,Second,171667,651455.5
Hyundai,2014,Hybrid,Automatic,Second,35257,539021.5
Honda,2022,Petrol,Manual,Second,150283,584904.5
Honda,2016,Hybrid,Manual,Second,100989,584592.5
Chevrolet,2008,Diesel,Manual,First,141304,468665
Honda,2002,Hybrid,Manual,Third,57691,473467.5
BMW,2019,Electric,Automatic,Second,84768,1444564
Hyundai,2016,Petrol,Manual,Third,161685,372501.5
Honda,2009,Diesel,Automatic,Second,19026,633432
Chevrolet,2002,Diesel,Automatic,Second,189607,419138.5
BMW,2017,Diesel,Automatic,First,35908,1483584
Ford,2017,Petrol,Manual,First,188185,583678.5
Ford,2016,Electric,Automatic,Third,24610,742821
BMW,2023,Diesel,Automatic,First,182718,1513554
Chevrolet,2002,Hybrid,Automatic,First,68185,534900.5
BMW,2002,Diesel,Manual,Third,77567,1188738.5
Hyundai,2005,Diesel,Manual,First,183646,357727
Hyundai,2012,Diesel,Automatic,Second,41182,549465
Ford,2023,Diesel,Manual,Third,121136,698743
Honda,2014,Electric,Automatic,Third,136642,589111
Chevrolet,2008,Hybrid,Automatic,Second,24288,582115
Ford,2003,Electric,Manual,First,83824,638918
Honda,2013,Hybrid,Automatic,Third,165949,542230.5
Honda,2004,Diesel,Manual,Third,89425,457357.5
Hyundai,2001,Petrol,Manual,Second,5917,357904.5
Toyota,2010,Electric,Automatic,Second,80602,713363
Toyota,2008,Petrol,Manual,First,69575,663223.5
BMW,2023,Electric,Manual,Third,77518,1455946
Hyundai,2002,Diesel,Automatic,First,44104,454807
Honda,2008,Electric,Automatic,First,154134,619102
Chevrolet,2002,Diesel,Manual,Second,21999,459223.5
Toyota,2001,Electric,Manual,Third,197917,506679.5
Honda,2011,Diesel,Automatic,Third,146013,564598.5
Toyota,2009,Diesel,Manual,Third,66169,650109.5
Toyota,2008,Hybrid,Manual,Second,159542,587377
Toyota,2014,Diesel,Manual,Second,134744,695002
Chevrolet,2007,Hybrid,Manual,Second,115684,501763
Hyundai,2004,Diesel,Manual,Second,64821,335909.5
Chevrolet,2010,Petrol,Manual,Second,180507,407553.5
Ford,2001,Diesel,Manual,Third,140601,429533.5
Honda,2023,Petrol,Automatic,First,17192,743856
Hyundai,2014,Petrol,Automatic,Third,79102,479286
Hyundai,2005,Diesel,Automatic,First,119894,419329
Hyundai,2007,Petrol,Automatic,Second,91795,435372.5
Hyundai,2004,Hybrid,Automatic,First,170159,469530.5
Chevrolet,2015,Electric,Manual,Third,71677,550907.5
Hyundai,2017,Diesel,Manual,Third,140699,425028.5
BMW,2005,Petrol,Manual,First,192613,1290193.5
Honda,2004,Diesel,Manual,Second,139327,426387.5
Hyundai,2015,Hybrid,Automatic,Second,193505,522315.5
Honda,2012,Diesel,Manual,Third,141285,457346.5
BMW,2004,Diesel,Manual,First,107412,1303641
BMW,2012,Petrol,Automatic,Second,24404,1384619
Honda,2016,Hybrid,Manual,Second,121545,549335.5
Toyota,2017,Electric,Manual,Third,161452,711207
Ford,2007,Electric,Automatic,Second,155245,604593.5
Toyota,2012,Petrol,Manual,First,189099,641799.5
Toyota,2018,Diesel,Manual,Third,28989,685125.5
Chevrolet,2002,Petrol,Manual,Third,113106,369249
Toyota,2023,Petrol,Manual,First,29519,774675.5
Hyundai,2007,Petrol,Manual,Third,27439,399059.5
Chevrolet,2001,Diesel,Automatic,Second,123570,365968
Chevrolet,2007,Hybrid,Automatic,Second,19995,578830.5
BMW,2012,Petrol,Automatic,First,28559,1466500.5
Toyota,2012,Diesel,Automatic,Second,94049,653547.5
BMW,2000,Hybrid,Automatic,First,141093,1345377.5
Honda,2005,Petrol,Automatic,First,103000,498536
Ford,2023,Electric,Manual,Second,157191,748491.5
Chevrolet,2018,Hybrid,Automatic,First,187611,646932.5
Honda,2015,Petrol,Automatic,Second,44350,579337
Honda,2007,Hybrid,Manual,Third,182295,464537.5
Hyundai,2000,Hybrid,Manual,Third,30517,331850.5
Ford,2015,Hybrid,Automatic,First,158322,709319
Honda,2008,Hybrid,Manual,Second,94132,570757
Honda,2012,Hybrid,Automatic,Second,190271,566850.5
Ford,2010,Hybrid,Manual,Third,64546,545610
Ford,2012,Petrol,Automatic,Third,110686,548283
Honda,2020,Electric,Manual,Second,93151,701511.5
Ford,2009,Diesel,Manual,First,8327,612331.5
Honda,2003,Hybrid,Automatic,Third,125318,506538
Honda,2005,Diesel,Automatic,First,165840,490331
Hyundai,2006,Petrol,Automatic,First,178860,369706
Toyota,2004,Hybrid,Automatic,Third,120945,596460.5
Honda,2010,Electric,Automatic,First,51830,646825
BMW,2012,Diesel,Manual,First,57446,1390848
Chevrolet,2018,Hybrid,Automatic,Second,151232,626309
Toyota,2022,Petrol,Automatic,First,192655,806938.5
Toyota,2009,Electric,Manual,Second,170070,632781
Toyota,2009,Diesel,Manual,Third,163302,519164
Hyundai,2010,Diesel,Automatic,Third,145148,388856
Honda,2020,Hybrid,Manual,Second,74341,701886.5
Hyundai,2006,Electric,Manual,Third,36085,372603.5
Honda,2017,Electric,Automatic,First,60571,757456.5
Hyundai,2003,Electric,Manual,First,150787,412360.5
Hyundai,2001,Electric,Manual,First,133308,407486
Chevrolet,2013,Petrol,Automatic,Third,10750,505443
BMW,2012,Electric,Automatic,First,118931,1468499.5
Hyundai,2011,Diesel,Manual,Third,83768,458569
Chevrolet,2006,Diesel,Manual,First,40903,509210.5
Ford,2001,Petrol,Automatic,Second,168165,476047.5
BMW,2012,Diesel,Manual,Third,96036,1281389
Hyundai,2013,Diesel,Manual,Third,92954,380770
Toyota,2016,Electric,Manual,First,170386,748564
Ford,2008,Diesel,Automatic,Third,184297,479956.5
Ford,2016,Petrol,Manual,Third,88014,561117
Chevrolet,2007,Electric,Manual,Second,171251,442145.5
Ford,2001,Hybrid,Automatic,Second,122305,524568.5
BMW,2023,Electric,Manual,First,161410,1484813
Hyundai,2012,Petrol,Manual,Second,37101,494693.5
Hyundai,2002,Electric,Automatic,First,7775,479647.5
Toyota,2015,Electric,Automatic,First,116497,742743.5
Chevrolet,2005,Petrol,Automatic,First,50619,491336.5
Toyota,2018,Electric,Automatic,Third,181910,735129
Ford,2006,Petrol,Manual,Second,155611,475077.5
Toyota,2009,Petrol,Manual,First,62124,656710
BMW,2008,Hybrid,Automatic,Second,70149,1342160.5
Hyundai,2001,Diesel,Automatic,First,31616,452308
Ford,2014,Diesel,Manual,Second,190639,525730.5
Toyota,2004,Electric,Automatic,Second,173171,554482.5
Chevrolet,2021,Electric,Manual,First,66799,699450.5
BMW,2003,Hybrid,Automatic,Third,95221,1267271.5
BMW,2019,Hybrid,Manual,Second,119879,1418934.5
Toyota,2003,Hybrid,Automatic,Third,30479,588452.5
Hyundai,2017,Petrol,Automatic,Third,182244,479418
Toyota,2003,Hybrid,Manual,First,104165,664355.5
Ford,2016,Hybrid,Automatic,First,60863,736225.5
Toyota,2011,Electric,Manual,First,178115,656094.5
BMW,2021,Hybrid,Manual,Second,87569,1424246.5
Toyota,2016,Petrol,Manual,First,151480,677093
Hyundai,2009,Petrol,Manual,First,194052,358818
Chevrolet,2021,Electric,Manual,Second,21351,657054.5
Honda,2000,Hybrid,Automatic,Second,140203,421877.5
Toyota,2021,Hybrid,Automatic,First,49825,843785.5
Hyundai,2023,Petrol,Manual,First,16349,663781.5
Hyundai,2017,Hybrid,Automatic,First,197003,558896.5
Chevrolet,2017,Hybrid,Manual,First,49254,652651
BMW,2013,Hybrid,Automatic,Third,43225,1406927.5
Hyundai,2014,Diesel,Automatic,Third,17453,474076.5
Hyundai,2011,Electric,Automatic,First,154886,487246
Hyundai,2003,Diesel,Automatic,Third,154335,289477.5
Hyundai,2002,Electric,Manual,Second,82694,336460
Ford,2019,Petrol,Manual,Third,20735,635017.5
Ford,2011,Hybrid,Automatic,Third,151902,547025
BMW,2006,Electric,Automatic,First,52893,1465392.5
Toyota,2010,Diesel,Manual,Third,180745,565600.5
Hyundai,2000,Hybrid,Automatic,Third,132006,321247
Chevrolet,2005,Petrol,Manual,Third,50066,407099
Toyota,2014,Electric,Manual,Third,139445,609980.5
Chevrolet,2014,Electric,Manual,Second,146407,487307.5
Toyota,2018,Electric,Automatic,First,159813,798561.5
BMW,2010,Hybrid,Manual,First,15692,1441682
Hyundai,2022,Diesel,Automatic,Second,183367,587414.5
Hyundai,2001,Diesel,Manual,Third,50541,314529.5
Honda,2013,Electric,Automatic,Second,170129,627991.5
Chevrolet,2001,Petrol,Automatic,Third,71983,418046.5
Toyota,2003,Petrol,Automatic,Second,155655,542611.5
Toyota,2016,Diesel,Manual,First,158837,661362.5
Ford,2002,Petrol,Manual,First,195359,518847.5
Honda,2012,Diesel,Automatic,First,159978,627444
Ford,2008,Electric,Automatic,Third,125747,574495.5
Ford,2006,Diesel,Automatic,Third,90103,558319.5
Ford,2014,Diesel,Manual,Second,182597,612716.5
Chevrolet,2022,Electric,Manual,Second,174302,568264
Chevrolet,2010,Petrol,Manual,First,155592,432381
BMW,2019,Diesel,Manual,Third,188006,1312417
BMW,2001,Diesel,Automatic,Second,30566,1293395
Ford,2014,Electric,Automatic,Third,78193,684839.5
Honda,2013,Petrol,Manual,Third,166206,466093
Toyota,2019,Diesel,Manual,First,146417,707743.5
Chevrolet,2021,Electric,Automatic,First,126015,728024.5
Honda,2010,Diesel,Manual,Third,177257,407992.5
Hyundai,2002,Hybrid,Manual,Third,135956,334601
Chevrolet,2016,Electric,Manual,Third,75744,533837
Chevrolet,2011,Petrol,Manual,Third,38455,434855.5
BMW,2023,Petrol,Manual,First,164090,1494927
Toyota,2020,Petrol,Manual,Second,59219,680396.5
Toyota,2014,Petrol,Automatic,First,50991,753007.5
Hyundai,2015,Diesel,Manual,Second,78616,448599
Hyundai,2004,Diesel,Manual,Third,92438,334331
Chevrolet,2019,Petrol,Automatic,Second,121841,589182.5
Ford,2005,Petrol,Automatic,First,145558,537501
BMW,2018,Petrol,Automatic,First,174934,1436752
BMW,2004,Diesel,Manual,Third,63870,1222493
Chevrolet,2002,Petrol,Automatic,First,91694,479652
Honda,2000,Petrol,Manual,Third,48856,386569
Ford,2005,Hybrid,Manual,First,106407,561578.5
Chevrolet,2014,Hybrid,Manual,First,36379,649956.5
Ford,2001,Petrol,Automatic,Third,69729,511866.5
Ford,2002,Electric,Automatic,Second,164450,524698
Ford,2016,Petrol,Automatic,First,59353,692570.5
Chevrolet,2023,Hybrid,Automatic,Second,186068,610504
BMW,2011,Electric,Automatic,First,19031,1491463.5
BMW,2017,Electric,Manual,First,70982,1455299
Ford,2014,Petrol,Manual,First,41683,716625.5
Honda,2011,Hybrid,Manual,First,119091,608330.5
Toyota,2015,Hybrid,Manual,Second,122797,668787.5
Chevrolet,2007,Electric,Automatic,Second,153690,490537
Toyota,2013,Petrol,Automatic,First,11587,805150.5
Honda,2016,Diesel,Manual,First,67790,649505
Chevrolet,2020,Diesel,Automatic,Second,36480,655868
Ford,2007,Hybrid,Automatic,Third,156599,500494.5
BMW,2014,Diesel,Manual,Third,28569,1348362.5
Toyota,2013,Hybrid,Manual,Second,16151,686120.5
Hyundai,2017,Hybrid,Automatic,First,195246,596153
Hyundai,2019,Hybrid,Automatic,First,49739,607742.5
Honda,2006,Diesel,Manual,Third,37954,530644
Ford,2002,Hybrid,Manual,Third,114373,490515.5
Toyota,2011,Electric,Manual,Second,171375,616959.5
Ford,2020,Petrol,Automatic,Third,39700,682588
Toyota,2023,Petrol,Manual,Second,128728,750953
Honda,2002,Hybrid,Manual,Third,71788,402428
Honda,2019,Petrol,Automatic,Third,76045,612482.5
Hyundai,2013,Diesel,Automatic,Third,173914,467025
Ford,2014,Diesel,Automatic,First,149972,665515
Chevrolet,2013,Petrol,Automatic,First,132992,591100
Hyundai,2006,Diesel,Automatic,First,85059,525939.5
Ford,2016,Petrol,Manual,Third,6881,583890.5
Hyundai,2011,Petrol,Manual,Second,169109,379584.5
Chevrolet,2019,Petrol,Automatic,Second,137702,539686
BMW,2003,Hybrid,Automatic,Second,25789,1319265.5
BMW,2008,Petrol,Automatic,Second,131083,1297587.5
BMW,2005,Hybrid,Automatic,First,93059,1354401.5
BMW,2015,Petrol,Automatic,First,51151,1430715.5
Toyota,2021,Petrol,Manual,Third,184992,595663
BMW,2021,Petrol,Manual,Third,114388,1380064
Chevrolet,2020,Diesel,Manual,Second,8262,593308
Honda,2020,Hybrid,Manual,First,71981,751987.5
Honda,2001,Hybrid,Automatic,Second,125951,437438.5
Toyota,2023,Petrol,Manual,Third,128099,655181.5
BMW,2007,Petrol,Automatic,Third,86972,1269291
BMW,2010,Diesel,Automatic,Second,80485,1393516.5
BMW,2012,Diesel,Automatic,Third,59722,1411331
Hyundai,2016,Diesel,Manual,Second,94499,489860.5
Ford,2007,Hybrid,Automatic,First,186890,652695
Hyundai,2020,Hybrid,Manual,Second,166004,551247
Ford,2017,Hybrid,Manual,First,11901,739682.5
BMW,2017,Petrol,Automatic,First,122473,1484183.5
BMW,2013,Hybrid,Automatic,Third,13597,1404646.5
Hyundai,2014,Electric,Automatic,Third,134631,443581.5
Hyundai,2005,Electric,Manual,Third,68909,353660.5
Ford,2010,Diesel,Automatic,Second,77391,665514.5
Honda,2012,Hybrid,Manual,Second,144335,579455.5
Ford,2000,Electric,Automatic,Third,68293,547050.5
Hyundai,2005,Diesel,Automatic,Second,161877,387928.5
Chevrolet,2008,Hybrid,Manual,Third,16874,532129
Hyundai,2007,Petrol,Manual,Second,91402,389697
Chevrolet,2010,Electric,Manual,First,19079,549162.5
Toyota,2021,Petrol,Manual,First,185922,707233
Hyundai,2018,Hybrid,Manual,Third,77779,468010.5
Toyota,2023,Electric,Manual,Second,100408,778025
Honda,2008,Hybrid,Automatic,Second,145090,555386
Ford,2016,Petrol,Automatic,First,125606,661233
Chevrolet,2011,Electric,Manual,First,185572,529165
Ford,2013,Petrol,Automatic,Third,125062,547541
Toyota,2014,Hybrid,Manual,First,17100,819412
Chevrolet,2015,Hybrid,Automatic,Third,62021,599255.5
Ford,2021,Petrol,Automatic,First,155872,716721
Hyundai,2021,Electric,Manual,First,133126,616649
BMW,2019,Petrol,Manual,Second,199472,1309045
Toyota,2000,Hybrid,Manual,First,97446,626813
Ford,2009,Petrol,Automatic,First,34437,701745.5
Toyota,2007,Hybrid,Manual,Third,182747,495090.5
Toyota,2017,Petrol,Automatic,First,156014,689558
Chevrolet,2000,Electric,Manual,Third,25862,393544
Chevrolet,2001,Electric,Automatic,First,16669,502489.5
BMW,2000,Petrol,Automatic,First,126219,1325731.5
Hyundai,2000,Petrol,Manual,Third,189844,272665
Toyota,2008,Electric,Automatic,Second,20916,745661
Ford,2012,Hybrid,Automatic,Third,15878,678361
Honda,2000,Electric,Manual,Third,7985,470371.5
Toyota,2012,Hybrid,Automatic,Third,46235,652377.5
Toyota,2019,Petrol,Manual,Second,23931,702886.5
BMW,2021,Petrol,Manual,First,97876,1510973
Hyundai,2006,Hybrid,Manual,Third,5336,421674
Honda,2001,Petrol,Manual,Third,47933,383940.5
Chevrolet,2005,Hybrid,Automatic,Second,50536,478987
Chevrolet,2006,Diesel,Automatic,Third,74504,499056
Ford,2013,Electric,Automatic,First,104214,739405
Honda,2017,Diesel,Manual,Second,187220,522872
Chevrolet,2014,Hybrid,Automatic,First,118936,596842
Ford,2001,Electric,Automatic,First,21279,592844.5
Hyundai,2009,Hybrid,Manual,Second,108751,407783.5
Ford,2022,Electric,Manual,Third,109433,716810.5
Chevrolet,2011,Electric,Automatic,First,76386,626826
BMW,2016,Electric,Manual,First,91124,1434627
BMW,2007,Electric,Manual,First,110750,1325340
BMW,2010,Hybrid,Manual,First,82485,1401983.5
Chevrolet,2002,Electric,Manual,Second,79055,449526.5
BMW,2005,Electric,Automatic,Second,96911,1385520.5
Honda,2008,Diesel,Manual,First,103618,526950
Hyundai,2005,Petrol,Manual,Third,190100,296263
Ford,2008,Petrol,Manual,First,118892,575631
Ford,2006,Diesel,Manual,Third,76128,480734
Chevrolet,2008,Diesel,Manual,First,154180,520952
BMW,2017,Hybrid,Manual,Third,57495,1385098.5
BMW,2011,Hybrid,Manual,First,87806,1413208
Toyota,2007,Hybrid,Manual,Third,98185,608231.5
Hyundai,2007,Diesel,Automatic,First,192902,388773
Honda,2017,Diesel,Manual,First,188581,591596.5
Ford,2019,Electric,Automatic,Third,175591,625705.5
Toyota,2014,Hybrid,Manual,Second,54649,667600.5
Toyota,2006,Hybrid,Manual,Third,170596,566513
Chevrolet,2010,Hybrid,Manual,Second,169957,421805.5
Ford,2019,Petrol,Manual,First,180441,693798.5
Chevrolet,2015,Electric,Automatic,Third,100402,598215
Honda,2003,Hybrid,Manual,Third,35676,459255
Toyota,2005,Hybrid,Manual,Third,69093,559759.5
Toyota,2021,Hybrid,Automatic,Second,183836,714526
Hyundai,2002,Petrol,Automatic,Second,186871,272622.5
Honda,2008,Petrol,Manual,First,84414,585360
Toyota,2009,Diesel,Automatic,Second,98095,685472.5
Honda,2013,Electric,Automatic,Second,77307,606088.5
Ford,2010,Diesel,Automatic,First,100432,680405
BMW,2017,Electric,Manual,Third,36923,1437328.5
Toyota,2021,Petrol,Manual,Third,122449,637936.5
Hyundai,2011,Hybrid,Manual,First,52574,498653
Ford,2022,Diesel,Automatic,Third,179463,705618.5
Honda,2011,Hybrid,Manual,Second,126757,551757.5
Chevrolet,2012,Diesel,Automatic,First,58664,635774
Ford,2012,Petrol,Manual,First,72384,591847
Toyota,2018,Petrol,Manual,First,36027,729917.5
Honda,2018,Petrol,Automatic,Third,171536,541402
BMW,2022,Diesel,Manual,First,39485,1493262.5
Ford,2013,Electric,Automatic,First,155528,703285
Toyota,2003,Diesel,Automatic,First,40554,654162
Hyundai,2012,Electric,Manual,Third,51922,429879
Chevrolet,2007,Diesel,Automatic,Second,18409,475779.5
Honda,2022,Diesel,Manual,First,41639,676726.5
Ford,2020,Petrol,Manual,Second,199699,627923.5
Ford,2022,Hybrid,Automatic,Third,24692,775989
BMW,2018,Hybrid,Manual,Third,94037,1418610.5
BMW,2011,Electric,Automatic,Third,190272,1314054
Hyundai,2017,Hybrid,Manual,Third,193487,486431.5
Chevrolet,2005,Diesel,Manual,Second,23074,489755
Hyundai,2017,Diesel,Manual,First,151621,564534.5
Toyota,2018,Petrol,Manual,Third,34963,713528.5
Toyota,2021,Petrol,Manual,Third,57265,697305.5
Hyundai,2004,Hybrid,Automatic,Second,21061,421747.5
